1518415590195200,304877217513472,Mr. Benny Mills,Kylie,Music Composer
2346747684716544,304877217513472,Jo Lemke,Larue,Cinematographer
6901527153213440,304877217513472,Jeannette Wehner,Robbie,Production Designer
5889502880989184,2648353881980928,Bradford Monahan,Cyril,Producer
7206104316510208,2648353881980928,Natalie Mraz,Kasandra,Screenwriter
7778055185498112,2648353881980928,Ms. Rita Gerhold,Brendan,Actress
3469679706243072,2648353881980928,Claudia Fritsch,Lennie,Production Designer
2599960981798912,838706072125440,Dawn Ernser-Corwin,Frank,Production Designer
168727236575232,8512093670080512,Juan Crona,Maxime,Cinematographer
7970457919684608,8512093670080512,Clifton Larson,Brendon,Film Editor
7043935782305792,8512093670080512,Clark Trantow,Ona,Film Editor
8697737407102976,8512093670080512,Willard Willms,Jordan,Costume Designer
1291766263185408,8512093670080512,Richard Larson,Cicero,Film Editor
5431308536774656,2277541515624448,Ramon Smitham,Zackary,Screenwriter
6626497055948800,2277541515624448,Dr. Dallas Nitzsche,Claud,Production Designer
6894434679521280,2521344868614144,Johnny Schmidt,Webster,Screenwriter
6115772019507200,2521344868614144,Vicky Kiehn,Michele,Production Designer
1595098502529024,2521344868614144,Mable Sipes,Stephany,Producer
4556164389928960,6874387282132992,Grady Kemmer,Gerson,Cinematographer
4075267207200768,2240098431139840,Arturo Stoltenberg,Thurman,Director
2772317801283584,2240098431139840,Miss Julie Connelly,Coy,Screenwriter
6419034966851584,2240098431139840,Jessie Carroll,Oren,Actor
8413083561099264,2240098431139840,Sophie Corwin,Marvin,Actor
1154561928593408,2240098431139840,Rosalie Hahn-McDermott,Alphonso,Producer
6415838628282368,3484530331615232,Ms. Charlene Hauck,Nella,Screenwriter
6994928047489024,1824030332026880,Leona Wiza,Deion,Film Editor
7010126288388096,1824030332026880,Marjorie Gleichner,Sibyl,Production Designer
5138643473661952,1824030332026880,Nicolas Bartell,Oliver,Producer
7514861403635712,1824030332026880,Gayle Kuhlman,Elias,Producer
4988863485313024,1824030332026880,Ebony Hintz,Casey,Cinematographer
3955979446124544,1679205104353280,Mr. Carlos Ziemann,Elton,Costume Designer
2172756695187456,1679205104353280,Desiree Prosacco,Jaleel,Screenwriter
5040167890976768,1679205104353280,Courtney O'Connell,Franz,Screenwriter
5291717475434496,8685740290473984,Leona Koch,Javier,Director
6739750759170048,8685740290473984,Loren Skiles,Elyse,Producer
7521154948399104,4141776008904704,Lula Johnston,Gunnar,Music Composer
2641525710258176,4141776008904704,Yolanda Jast I,Favian,Director
3942413162774528,4141776008904704,Dr. Faye Boehm,Derick,Director
3444619710824448,4141776008904704,Lora Kirlin Sr.,Mitchel,Actor
4167647136579584,4141776008904704,Terrell Renner Jr.,Delbert,Production Designer
1265327509864448,5938424036982784,Dr. Bernadette Quitzon,Vernie,Director
6484838473269248,5938424036982784,Duane Gleichner,Charles,Music Composer
8508065148043264,7437566521376768,Miss Sonja Hoeger,Darrick,Cinematographer
7388706325397504,7437566521376768,Sam Volkman II,Nathanial,Costume Designer
6412521449717760,3935711713558528,Rosalie Kozey DDS,Enola,Actress
2113741965492224,3935711713558528,Bobbie King,Dale,Cinematographer
5223482640039936,3935711713558528,Miss Angelica Konopelski-Ebert,Antone,Film Editor
8145101178011648,3935711713558528,Karen Bernier I,Francesca,Costume Designer
8257098980786176,6529632855654400,Mildred Willms,Judy,Film Editor
6010787770400768,6529632855654400,Mack Brekke,Bartholome,Production Designer
4781929524101120,6529632855654400,Dr. Dana Hyatt,Krista,Director
8622057187180544,6529632855654400,Ms. Dixie Hirthe,Marguerite,Screenwriter
8774767559573504,6529632855654400,Jesus Homenick,Hector,Production Designer
3864862652366848,6215216251535360,Gail Gleason,Jonathan,Screenwriter
8752060572893184,6215216251535360,Josefina Harvey,Ansel,Producer
1124987356315648,6215216251535360,Eddie Purdy,Kelvin,Cinematographer
4324006196936704,6215216251535360,Silvia Pouros,Elouise,Music Composer
4815569184358400,6215216251535360,Jennie Kozey DVM,Montana,Actress
5445740230868992,8637994542039040,Mr. Alonzo Dach,Yolanda,Costume Designer
224266387718144,8637994542039040,Esther Bayer V,Lilliana,Costume Designer
6077469008330752,8637994542039040,Shannon Feeney,Name,Film Editor
5390890344382464,8637994542039040,Natalie Grant,Raymundo,Music Composer
2610248124727296,2700163042770944,Dale Effertz,Adelle,Actress
1902275796664320,2700163042770944,Nathan Little,Boyd,Producer
6394673534861312,2700163042770944,Darryl Wilderman,Naomie,Producer
1557006557118464,2700163042770944,Deborah Hilpert,Watson,Screenwriter
4683056931667968,2700163042770944,Ruben Jenkins,Cortney,Music Composer
2451330731868160,92135080591360,Mark Rogahn,Eveline,Music Composer
1506117454659584,92135080591360,Mr. Kirk Gerhold,Otha,Film Editor
399965226532864,92135080591360,Saul Rutherford,Dalton,Producer
7931867542061056,3609040953278464,Jamie Okuneva-Schoen,Karen,Director
3291115451056128,3609040953278464,Erica Upton,Darwin,Costume Designer
6005525397372928,3609040953278464,Amber Ullrich,Charlotte,Film Editor
2059346848514048,3390038402400256,Virginia Nicolas PhD,Ima,Actor
6138496800522240,4572679050887168,Claudia Effertz,Maritza,Actor
4831241283043328,4572679050887168,Frankie Braun,Aurore,Film Editor
5605831712178176,52490816978944,Mrs. Desiree Bergstrom,Alexzander,Costume Designer
4928238788804608,52490816978944,Tammy Boyle,Cleo,Cinematographer
6581158343081984,52490816978944,Taylor Gutkowski,Reta,Music Composer
3767596002312192,52490816978944,Nancy Conroy,Tiara,Film Editor
6191444677099520,52490816978944,Jackie Weissnat,Kaylie,Screenwriter
7362092090785792,6216499435929600,Guadalupe Gutkowski,Otto,Producer
150019720085504,6216499435929600,Darnell Block,Beatrice,Production Designer
4119044768661504,8223767473946624,Wilma Hettinger,Ahmed,Producer
5931713714716672,8223767473946624,Kristin Bernhard,Philip,Actress
6262423153541120,5962518820290560,Gertrude Hettinger,Madelynn,Director
4546092626608128,5962518820290560,Kara Bode,Mercedes,Producer
191427562700800,5962518820290560,Laurence Kilback,Lizzie,Costume Designer
6970020387094528,5962518820290560,Nathan Gerlach,Aurelia,Music Composer
3794392703827968,5465958271418368,Anna Prosacco,Nellie,Film Editor
1329509601116160,5465958271418368,Latoya Schmeler,Isabelle,Screenwriter
3974204403744768,5465958271418368,Rosie Ankunding,Assunta,Screenwriter
7782884219813888,85639743668224,Erik Champlin,Addison,Costume Designer
2899027601391616,85639743668224,Arthur Kuhlman,Morton,Director
3724397089128448,85639743668224,Alex Stamm DVM,Nico,Actress
3148895951519744,85639743668224,Adam Hintz,Marjory,Actor
3337357629587456,4004412192194560,Laura Greenholt-Muller,Nona,Producer
6999526250381312,4004412192194560,Rebecca Gerlach,Zakary,Film Editor
3622806138912768,4004412192194560,Tammy Cummings,Loren,Screenwriter
6336134491668480,4004412192194560,Dr. Sharon O'Hara II,Clotilde,Producer
5460776227700736,5246326453305344,Scott Ward,Pat,Screenwriter
6260333148635136,5246326453305344,Rolando Rosenbaum,Jonathan,Actor
6253596723118080,5246326453305344,Roy Dare,Zack,Music Composer
5267357796663296,5246326453305344,Opal Rogahn,Deven,Music Composer
4047828934459392,2305862177652736,Renee Collier,Gwendolyn,Actor
1051224916885504,2305862177652736,Archie Ferry,Axel,Cinematographer
8254475307319296,4138563725688832,Ricky Breitenberg-Ullrich,Katlyn,Cinematographer
7414377873408000,4138563725688832,Heidi Funk,Dorothea,Music Composer
5513093849284608,4138563725688832,Mamie Green,Mertie,Production Designer
8350954428563456,4138563725688832,Fannie Greenfelder,Delmer,Actor
5062501435703296,4138563725688832,Ms. Nora Ruecker,Maximillian,Actor
280349655433216,1910964964294656,Raul Rosenbaum,Eliseo,Cinematographer
5418019954098176,1910964964294656,Lynn Dach,Mason,Actor
6259655823065088,1910964964294656,Roman Swift,Cindy,Cinematographer
4638258673745920,1910964964294656,Dr. Irving Carroll,Anita,Screenwriter
4374745917161472,1910964964294656,Mable Wisoky,Rylan,Producer
2309654564569088,4151531077107712,Hugo Adams,Darren,Music Composer
7081283855319040,4151531077107712,Gayle Lynch,Athena,Screenwriter
8456927575015424,3701679079817216,Dr. Carlos Weimann,Palma,Production Designer
5660111850700800,3701679079817216,Leigh Spinka,Kaleb,Director
8569500005826560,3701679079817216,Louis Turcotte III,Kirsten,Production Designer
5761225317154816,5980677302386688,Matthew Spencer DVM,Nikki,Music Composer
3935327752290304,5980677302386688,Lila Connelly-Auer,Dawson,Music Composer
5177770902552576,5980677302386688,Renee Schmitt-Harvey,Grace,Cinematographer
1212656709009408,5980677302386688,Mrs. Dawn Heidenreich,Brandon,Production Designer
8251230535024640,5980677302386688,Joanna Langosh,Marvin,Director
2020113729454080,8025546667589632,Marian Buckridge,Adolph,Costume Designer
8588669952720896,8025546667589632,Arturo Blick III,Ezra,Actress
1506160335126528,8025546667589632,Edna Witting,Prudence,Cinematographer
8808596737359872,14236870770688,Stanley Graham,Susie,Actor
7237601136214016,14236870770688,Clarence Koepp,Electa,Cinematographer
2642963016450048,14236870770688,Erma Pollich,Sherman,Actor
3668112440295424,7939833716539392,Jason Connelly,Laverne,Production Designer
3491261155639296,7939833716539392,Charlene Stracke,Wilburn,Costume Designer
2843615428608000,7939833716539392,Vivian Bayer,Maxwell,Director
3426701421838336,7939833716539392,Herman Bosco,Hank,Actress
8427859508985856,7939833716539392,Marion Raynor,Kiel,Actor
8925804123652096,1224735736201216,Mr. Alvin Doyle,Blake,Producer
2014874764836864,1224735736201216,Marilyn Moen,Esther,Actress
6404656771104768,2625675571757056,Mabel Ullrich,Josue,Costume Designer
5236230730022912,2625675571757056,Velma McCullough,Maria,Cinematographer
6844550460997632,2625675571757056,Kristine Bahringer,Vincent,Director
5833420200476672,2625675571757056,Ms. Carrie Runolfsdottir,Otilia,Film Editor
2435062461104128,2625675571757056,Miss Sharon Mraz,Lou,Director
1510305068744704,4012936024555520,Roland Kovacek,Jimmie,Producer
1228722921275392,1006557061971968,Amos Cormier,Syble,Director
1149914130153472,1006557061971968,Susan Schmidt DDS,Rodolfo,Cinematographer
6511165647618048,5350697681813504,Bertha Dach,Niko,Cinematographer
3056886951706624,5350697681813504,Bob Kreiger,Melany,Music Composer
2931919324971008,5350697681813504,Alejandro Steuber,Tyrell,Actor
4149278599544832,5350697681813504,Joanne Bins I,General,Costume Designer
7614301210673152,7607002284949504,Edmond Schroeder,Rebecca,Actress
859840339509248,7607002284949504,Rene Zieme,Marjolaine,Actress
3690770970181632,7607002284949504,Darrell Grant,Adele,Production Designer
3633409507196928,4050751508709376,Raymond Dicki-Wolf,Talon,Cinematographer
6035938830450688,4050751508709376,Bobbie Schamberger,Caleigh,Screenwriter
375707307868160,4050751508709376,Heidi Breitenberg,Nestor,Music Composer
4535281329897472,4050751508709376,Janice Beier,Lonzo,Costume Designer
433622475603968,4050751508709376,Mr. Dan O'Reilly,Ricardo,Music Composer
2666296730714112,6219977457664000,Rebecca Volkman,Aurelia,Production Designer
6005491486425088,6219977457664000,Jackie Schneider,Dudley,Director
2247154001248256,6219977457664000,Annie West,Foster,Costume Designer
4108072874147840,718322238750720,Shannon Berge,Dock,Actor
3146455967596544,718322238750720,Boyd Weissnat,Rodger,Film Editor
3181983488278528,718322238750720,Jeffrey Zboncak,Candice,Actor
5470102854041600,718322238750720,Kristi Reichert,Michele,Director
4832818026774528,8102639080308736,Adam Homenick,Matteo,Production Designer
194666857234432,8102639080308736,Jeanne Weber,David,Producer
6487772281962496,8748023255400448,Ms. Sally Bauch,Cathryn,Director
8354090230743040,8712049322360832,Chelsea Reichel,Bonita,Actor
4852023969185792,8712049322360832,Franklin Kilback DVM,Josie,Director
4852709664489472,8712049322360832,Roland Friesen,Mitchel,Producer
6432248375017472,8712049322360832,Leo Kulas,Ignacio,Music Composer
2797545677914112,8425058166898688,Hilda Blick,Earnestine,Actress
7847996574138368,8425058166898688,Joe Stracke,Meagan,Costume Designer
8564376942411776,8425058166898688,Mrs. Victoria Brekke,Thad,Producer
3209423380021248,8425058166898688,Natalie Marvin,Cassandra,Music Composer
7686031432220672,8425058166898688,Henrietta Franey,Vladimir,Cinematographer
2500259265642496,4300561568497664,Daryl Hessel,Donnell,Production Designer
7784254473764864,4300561568497664,Mary Cole,Griffin,Actor
3963361855275008,2279717159829504,Blanche Osinski,Royal,Costume Designer
342478183989248,2279717159829504,Gary Macejkovic,Anthony,Cinematographer
254910333452288,2279717159829504,Genevieve Stamm,Melisa,Actor
7939599819079680,2279717159829504,Jimmy Lubowitz,Geoffrey,Screenwriter
5513636680302592,2279717159829504,Michael Fadel,Webster,Music Composer
3646558394384384,2078870496870400,Mr. Edwin Hills,Alison,Costume Designer
1930541685276672,17444508794880,Whitney Daniel,Christina,Film Editor
5947971537469440,17444508794880,Kristi Mayer,Turner,Music Composer
6094060991283200,17444508794880,Jeremy Braun,Amy,Costume Designer
8191906276179968,17444508794880,Herman Davis III,Daphney,Actress
5155011950542848,17444508794880,Chad Ruecker,Ronny,Producer
6799135806062592,7512880754720768,Alma Schuster-Kub,Neil,Screenwriter
144923110146048,7512880754720768,Robin Stiedemann,Lolita,Film Editor
1992180398817280,7512880754720768,Sonya Beer,Gladyce,Actress
185580581289984,7512880754720768,Carole Pfannerstill,Lottie,Actor
7049381016502272,7512880754720768,Elaine Grimes,Ally,Costume Designer
6620752130342912,87254248718336,Van Little,Else,Film Editor
2345618244632576,87254248718336,Gayle Beatty,Iliana,Production Designer
4510789746556928,5939219836960768,Lana Franey,Kattie,Actor
5254660334026752,5939219836960768,Dominick Windler,Norval,Film Editor
881987640360960,6179147074240512,Geneva Davis,Colten,Cinematographer
5434605825949696,6179147074240512,Clifford Terry,Berry,Actress
8632848063922176,6179147074240512,Tracy Kulas MD,Karina,Production Designer
5441046909550592,6179147074240512,Rachel Simonis,Maxwell,Screenwriter
5489625262981120,1731430038110208,Tami Schimmel DVM,Maeve,Director
8597131107500032,1731430038110208,Ismael Rowe,Bret,Music Composer
5067130559004672,1731430038110208,Joseph O'Conner,Zachery,Director
1486712274419712,1731430038110208,Marcus Langworth,Jayden,Cinematographer
4540166702104576,3069338913341440,Janis Reinger,Angus,Actress
5362117446205440,3069338913341440,Mr. Ryan Wilkinson,Gloria,Producer
8264090348683264,3069338913341440,Dr. Ramon Shanahan DDS,Marie,Director
8613725726572544,3069338913341440,Minnie Kassulke,Sadie,Cinematographer
3067987976257536,8542046562287616,Martin Kirlin,Clay,Actor
7561200319594496,8542046562287616,Oliver Gleason-Bode,Haven,Actress
7045385627369472,8542046562287616,Miss Christy Willms,Concepcion,Cinematographer
6537562040565760,8542046562287616,Dr. Claude Kozey,Marge,Production Designer
5871880617590784,8542046562287616,Dixie Kutch,Retha,Film Editor
5413063981268992,7755662626914304,Jenny Runolfsdottir,Zoey,Producer
2483549988978688,7755662626914304,Penny Hirthe,Osborne,Production Designer
6296851514916864,7755662626914304,Gina Mitchell,Chester,Screenwriter
1491852654018560,7636070892044288,Marsha Sawayn,Trevor,Music Composer
5932154955497472,7636070892044288,Mario Feeney,Renee,Producer
368218856226816,7636070892044288,Joy Willms,Roger,Director
5928338828820480,513462755131392,Ms. Maureen DuBuque,Haleigh,Producer
4438461020897280,513462755131392,Willie Gerhold,Priscilla,Film Editor
3036571959820288,513462755131392,Ms. Rebecca Zieme,Syble,Actress
2724968116781056,1842964972175360,Abel Nikolaus,Junior,Actress
717224715223040,1842964972175360,Leroy Lind,Dahlia,Actor
8545143443423232,4060193031716864,Kenny Koch PhD,Earnestine,Film Editor
6060141642252288,4060193031716864,Jared Sipes,Ole,Actor
7046346345283584,4060193031716864,Ernestine Marks-Batz,Taylor,Actress
705144303910912,4060193031716864,Hugo Kilback II,Blaise,Costume Designer
3794712326569984,61840182738944,Kelly Casper,Valentin,Director
5454935707615232,8963601821859840,Geneva Wisoky,Quinton,Actor
3340069511364608,3619116443238400,Frank Zulauf,Willa,Actor
6519770778173440,3619116443238400,Mr. Devin Macejkovic,Laurianne,Production Designer
7225663503204352,3619116443238400,Stanley Grady Sr.,Bessie,Producer
5082547002277888,2093147194654720,Dr. Miguel Leffler,Adrain,Director
3540281945227264,2093147194654720,Dustin Hoppe,Devan,Director
113234392645632,7214071168368640,Sara Thompson,Madalyn,Film Editor
2252787492585472,7214071168368640,Mr. Rufus Mayert,Ally,Producer
4917523476643840,7214071168368640,Michele Connelly,Lavern,Producer
1495525547311104,2643781316771840,Walter Feest,Raul,Actress
4429405828939776,7191554095579136,Esther Wiegand,Paula,Actor
3646319356805120,7191554095579136,Clark Bruen-Hand,Ericka,Screenwriter
407952544497664,7191554095579136,Domingo Leffler DDS,Freida,Director
4923953195778048,7191554095579136,Nettie Murray,Claire,Cinematographer
1177127653212160,8510935257841664,Dale Reichel IV,Adolfo,Actress
2769540876337152,8510935257841664,Dana Muller Jr.,Blanca,Production Designer
7507368669609984,8510935257841664,Kara Stehr,Madyson,Cinematographer
2155300998086656,8510935257841664,Nadine Hamill,Barton,Screenwriter
198859435278336,1854983576223744,Andrea Jacobson,Milford,Film Editor
7636999745830912,1854983576223744,Adrian Romaguera,Baby,Actress
361723764670464,4617605784535040,Dr. Lloyd Zboncak,Corene,Actress
8669380198006784,4617605784535040,Eunice Cruickshank,Breanne,Screenwriter
1098526220091392,4617605784535040,Joe Kuhic,Lola,Director
7735107169288192,4617605784535040,Gilberto Hudson I,Jackie,Cinematographer
1855914715906048,6460871010156544,Guy Boyle,Mya,Music Composer
343050578558976,6460871010156544,Micheal Jakubowski,Erling,Costume Designer
5875212310544384,6460871010156544,Rhonda Brakus-Jones,Alan,Actor
2124813839630336,6460871010156544,Delores Hauck,Saul,Costume Designer
4077874453676032,6460871010156544,Cathy Bayer,Sigurd,Film Editor
7097683860783104,123820448940032,Pat Trantow,Jordan,Costume Designer
3646629821284352,123820448940032,Velma Gusikowski PhD,Teresa,Production Designer
7245115198275584,123820448940032,Courtney Bayer,Ena,Producer
3348966255099904,123820448940032,Miss Kelley Paucek,Donny,Film Editor
562245199200256,6417858416345088,Mr. Willis Mante,Tracy,Film Editor
7842646827466752,385292974424064,Mrs. Alexandra Lockman,Remington,Music Composer
815171545071616,385292974424064,Monique Deckow-Kunde,Karianne,Producer
7695021258047488,385292974424064,Kelly Bailey,Rosalee,Music Composer
7213673267331072,4915991792320512,Wendell Konopelski Jr.,Kaci,Music Composer
5914683355693056,4915991792320512,Dexter Huel,Bret,Film Editor
8693174824337408,4915991792320512,Rene Block,Karolann,Costume Designer
6553872088694784,4915991792320512,Lynn Tremblay,Daron,Screenwriter
4136641184661504,3224376740675584,Elaine Schamberger,Rhianna,Actress
5893321901735936,3224376740675584,Joyce Trantow,Marcelina,Producer
612911345041408,3224376740675584,Lucy Schamberger,Mireya,Actress
3906579743113216,3224376740675584,Mr. Colin Lubowitz II,Dewitt,Director
1586518059646976,3224376740675584,Miss Claudia Renner,Mae,Director
5011879250362368,3892973888602112,Leroy Vandervort,Freeman,Production Designer
8743294404132864,3892973888602112,Percy Beahan,Noe,Actress
7352964542889984,3892973888602112,Jennifer Glover,Pietro,Film Editor
4170000671703040,3892973888602112,Terrance Steuber,Jerry,Director
7743023213445120,3892973888602112,Krista Doyle,Blair,Costume Designer
5238829684359168,229820545892352,Lewis Konopelski,Ashton,Director
5278302784716800,229820545892352,Dr. Francis Goodwin,Laurence,Cinematographer
2102808115412992,229820545892352,Claude Halvorson,Brigitte,Music Composer
1368967834763264,3633567988973568,Johnathan Murray,Eleonore,Director
3181412154867712,3633567988973568,Henrietta Harber,Tommie,Film Editor
270532092100608,3633567988973568,Loren Haley-Tromp,Alejandra,Cinematographer
8547087373303808,8685520018210816,Jan Klocko MD,Graham,Director
1253928404516864,8685520018210816,Alison O'Connell,Otto,Actor
2760437516992512,1615929903415296,Jacquelyn Kling,Tremaine,Cinematographer
1679092193689600,1615929903415296,Ervin Connelly,Garrison,Actor
8836313413320704,1615929903415296,Ms. Krista Schamberger II,Rhett,Director
5034828795740160,1615929903415296,Mr. Vernon Ledner-Rath,Manuel,Costume Designer
41256369520640,4687997712728064,Emmett Treutel,Gustave,Producer
2314197729804288,4687997712728064,Matt Lind,Ubaldo,Producer
7189541922275328,4687997712728064,Rufus Lindgren,Olaf,Film Editor
3905758087348224,4687997712728064,Natasha Zieme,Stewart,Director
3047321910640640,44068539203584,Mona Hessel,Kristy,Music Composer
6582138868596736,44068539203584,Eunice Bosco,Toy,Film Editor
4952429021888512,44068539203584,Veronica Kris MD,Luis,Music Composer
7286586104348672,44068539203584,Henrietta Carter,Reva,Music Composer
8081496598380544,44068539203584,Alyssa Denesik,Sophie,Producer
3271574920626176,6719689283600384,Norma Bernier,Benny,Music Composer
5338833589633024,6719689283600384,Ivan Nitzsche,Kris,Actress
6573695673827328,6719689283600384,Brandy Metz,Allison,Actress
158014696849408,3549208822939648,Samantha Kulas,Trinity,Producer
5335495707983872,736037846384640,Woodrow Stiedemann,Chadd,Film Editor
7882125065846784,736037846384640,Kristy Morissette,Bruce,Actress
923756945997824,736037846384640,Beatrice Pacocha,Ramona,Film Editor
178884314136576,736037846384640,Dwight Schinner,Nyah,Film Editor
7548430679277568,736037846384640,Dr. Ronald Sawayn,Pascale,Film Editor
4376305636212736,3164822470393856,Sara Cassin,Wilber,Production Designer
902735006269440,3164822470393856,Violet Mraz-Walter,Shaniya,Producer
4401873532485632,3164822470393856,Kenny Heidenreich V,Orlo,Production Designer
3083976291909632,3164822470393856,Hugo Yundt,Hilda,Film Editor
784719000109056,3164822470393856,Lucy Douglas,Wyman,Screenwriter
2627739316125696,4696491876679680,Cory Friesen,Everardo,Screenwriter
5778459091533824,4696491876679680,Ellis Hane DVM,Jayne,Screenwriter
4903973668519936,1836577995096064,Maurice Roberts,Oswald,Actor
1490191896281088,1836577995096064,Karen Cartwright IV,Blanca,Costume Designer
5578268602269696,1836577995096064,Trevor Schuppe,Hobart,Production Designer
5784418857779200,1836577995096064,Colleen Klein,Adolf,Director
4772721497997312,1836577995096064,Dr. Alfonso Barton,Mona,Production Designer
5884512816857088,6814656542801920,Al Heaney,Jay,Producer
8919417182224384,6814656542801920,Mrs. Tabitha Beatty,Vita,Production Designer